,RA,Binary,Log-Std,ALR,CLR,GPTemb
RA,,0.00586686209193925,0.0010660338112131295,0.00431248199128777,0.0027030071762394704,0.8663316138446812
Binary,0.00586686209193925,,0.40199927686507275,0.42014842892365445,0.5719373765904343,0.011460259713628233
Log-Std,0.0010660338112131295,0.40199927686507275,,0.6901493375629861,0.922370336037171,0.0012227734235096329
ALR,0.00431248199128777,0.42014842892365445,0.6901493375629861,,0.780881253801495,0.00851075082060238
CLR,0.0027030071762394704,0.5719373765904343,0.922370336037171,0.780881253801495,,0.001120743293004605
GPTemb,0.8663316138446812,0.011460259713628233,0.0012227734235096329,0.00851075082060238,0.001120743293004605,
