,RA,Binary,Log-Std,ALR,CLR,GPTemb
RA,,0.014667155229848124,0.006113867117548164,0.01293744597386331,0.010136276910898015,0.922370336037171
Binary,0.014667155229848124,,0.6302226433854817,0.6302226433854817,0.7799146044415014,0.021487986963052937
Log-Std,0.006113867117548164,0.6302226433854817,,0.8626866719537326,0.922370336037171,0.006113867117548164
ALR,0.01293744597386331,0.6302226433854817,0.8626866719537326,,0.9010168313094172,0.018237323187005102
CLR,0.010136276910898015,0.7799146044415014,0.922370336037171,0.9010168313094172,,0.006113867117548164
GPTemb,0.922370336037171,0.021487986963052937,0.006113867117548164,0.018237323187005102,0.006113867117548164,
