,RA,Binary,Log-Std,ALR,CLR,GPTemb
RA,0.0,-0.04915098210901059,-0.06513790804489528,-0.06152193915273774,-0.06071535445494047,-0.0012383456509846846
Binary,0.04915098210901059,0.0,-0.015986925935884688,-0.012370957043727149,-0.011564372345929885,0.0479126364580259
Log-Std,0.06513790804489528,0.015986925935884688,0.0,0.0036159688921575395,0.004422553589954803,0.06389956239391059
ALR,0.06152193915273774,0.012370957043727149,-0.0036159688921575395,0.0,0.0008065846977972635,0.06028359350175305
CLR,0.06071535445494047,0.011564372345929885,-0.004422553589954803,-0.0008065846977972635,0.0,0.05947700880395579
GPTemb,0.0012383456509846846,-0.0479126364580259,-0.06389956239391059,-0.06028359350175305,-0.05947700880395579,0.0
