,RA,Binary,Log-Std,ALR,CLR,GPTemb
RA,0.0,0.004039458404154761,-0.0002585356621581658,-0.00338300788037571,0.010944067465875285,0.07041730926015333
Binary,-0.004039458404154761,0.0,-0.004297994066312927,-0.007422466284530471,0.006904609061720524,0.06637785085599857
Log-Std,0.0002585356621581658,0.004297994066312927,0.0,-0.0031244722182175444,0.01120260312803345,0.07067584492231149
ALR,0.00338300788037571,0.007422466284530471,0.0031244722182175444,0.0,0.014327075346250995,0.07380031714052904
CLR,-0.010944067465875285,-0.006904609061720524,-0.01120260312803345,-0.014327075346250995,0.0,0.05947324179427804
GPTemb,-0.07041730926015333,-0.06637785085599857,-0.07067584492231149,-0.07380031714052904,-0.05947324179427804,0.0
