,RA,Binary,Log-Std,ALR,CLR,GPTemb
RA,,0.9985863180555432,0.9646694864797828,0.9618451210029619,0.6437681167033577,0.0003200548600451498
Binary,0.9985863180555432,,0.780881253801495,0.6979999897176395,0.621073854796945,0.0004919385017708928
Log-Std,0.9646694864797828,0.780881253801495,,0.9759710277610015,0.7323846228406933,0.0007965362406779446
ALR,0.9618451210029619,0.6979999897176395,0.9759710277610015,,0.5178243104668692,0.0020376868377459203
CLR,0.6437681167033577,0.621073854796945,0.7323846228406933,0.5178243104668692,,0.004872081370798618
GPTemb,0.0003200548600451498,0.0004919385017708928,0.0007965362406779446,0.0020376868377459203,0.004872081370798618,
