,RA,Binary,Log-Std,ALR,CLR,GPTemb
RA,,0.9985863180555432,0.9985863180555432,0.9985863180555432,0.9985863180555432,0.0036895387632816957
Binary,0.9985863180555432,,0.9985863180555432,0.9985863180555432,0.9985863180555432,0.0036895387632816957
Log-Std,0.9985863180555432,0.9985863180555432,,0.9985863180555432,0.9985863180555432,0.003982681203389723
ALR,0.9985863180555432,0.9985863180555432,0.9985863180555432,,0.9985863180555432,0.007641325641547201
CLR,0.9985863180555432,0.9985863180555432,0.9985863180555432,0.9985863180555432,,0.014616244112395853
GPTemb,0.0036895387632816957,0.0036895387632816957,0.003982681203389723,0.007641325641547201,0.014616244112395853,
