,RA,Binary,Log-Std,ALR,CLR,GPTemb
RA,,0.9816237499815894,0.7377246430307316,0.6693785796846156,0.6616532458163585,0.0018296453748441741
Binary,0.9816237499815894,,0.6235782283339296,0.30830819015286914,0.6286000291318725,0.0010930720398828707
Log-Std,0.7377246430307316,0.6235782283339296,,0.8663316138446812,0.9139329483081511,0.00029893597658278085
ALR,0.6693785796846156,0.30830819015286914,0.8663316138446812,,0.8054665741065922,0.0023213591790321297
CLR,0.6616532458163585,0.6286000291318725,0.9139329483081511,0.8054665741065922,,0.001300832139176859
GPTemb,0.0018296453748441741,0.0010930720398828707,0.00029893597658278085,0.0023213591790321297,0.001300832139176859,
