,RA,Binary,Log-Std,ALR,CLR,GPTemb
RA,0.0,0.0020693726977232263,-0.008908574532226488,-0.01166439277967779,-0.007419247653982719,0.06338673111343829
Binary,-0.0020693726977232263,0.0,-0.010977947229949714,-0.013733765477401016,-0.009488620351705945,0.06131735841571506
Log-Std,0.008908574532226488,0.010977947229949714,0.0,-0.0027558182474513027,0.0014893268782437685,0.07229530564566478
ALR,0.01166439277967779,0.013733765477401016,0.0027558182474513027,0.0,0.004245145125695071,0.07505112389311608
CLR,0.007419247653982719,0.009488620351705945,-0.0014893268782437685,-0.004245145125695071,0.0,0.07080597876742101
GPTemb,-0.06338673111343829,-0.06131735841571506,-0.07229530564566478,-0.07505112389311608,-0.07080597876742101,0.0
