,RA,Binary,Log-Std,ALR,CLR,GPTemb
RA,,0.9816237499815894,0.9792138731873047,0.9792138731873047,0.9792138731873047,0.006861170155665653
Binary,0.9816237499815894,,0.9792138731873047,0.7707704753821728,0.9792138731873047,0.006504160695884295
Log-Std,0.9792138731873047,0.9792138731873047,,0.9792138731873047,0.9792138731873047,0.004484039648741713
ALR,0.9792138731873047,0.7707704753821728,0.9792138731873047,,0.9792138731873047,0.006964077537096389
CLR,0.9792138731873047,0.9792138731873047,0.9792138731873047,0.9792138731873047,,0.006504160695884295
GPTemb,0.006861170155665653,0.006504160695884295,0.004484039648741713,0.006964077537096389,0.006504160695884295,
