model,1,2,3,4
ElasticNet_DebiasM,0.7674193548387097,0.7637051039697542,0.48789044816659116,0.5811051693404634
RandomForest_DebiasM,0.6643548387096775,0.5293005671077505,0.5656405613399729,0.5717468805704099
TabPFN_DebiasM,0.6570967741935484,0.6068052930056711,0.5529651425984609,0.5445632798573975
ElasticNet_ComBat,0.7745161290322581,0.6994328922495274,0.6210955183340878,0.5882352941176472
RandomForest_ComBat,0.6851612903225807,0.6502835538752363,0.585219556360344,0.49465240641711233
TabPFN_ComBat,0.6699999999999999,0.6578449905482042,0.6031009506564057,0.5766488413547237
ElasticNet_MMUPHin,,,,
RandomForest_MMUPHin,,,,
TabPFN_MMUPHin,,,,
