model,1,2,3,4
ElasticNet_DebiasM,0.6841935483870967,0.6483931947069943,0.6253961068356723,0.6372549019607843
RandomForest_DebiasM,0.7016129032258065,0.42533081285444235,0.5770144861928473,0.535650623885918
TabPFN_DebiasM,0.6648387096774194,0.5973534971644612,0.5682435491172475,0.4875222816399287
ElasticNet_ComBat,0.7696774193548387,0.6238185255198488,0.6266410140334993,0.6149732620320856
RandomForest_ComBat,0.6738709677419356,0.7107750472589792,0.5991398822996831,0.6011586452762923
TabPFN_ComBat,0.5670967741935484,0.6767485822306238,0.596310547759167,0.46657754010695185
ElasticNet_MMUPHin,,,,
RandomForest_MMUPHin,,,,
TabPFN_MMUPHin,,,,
