model,1,2,3,4
ElasticNet_DebiasM,0.7983870967741936,0.4952741020793951,0.6319601629696695,0.5632798573975044
RandomForest_DebiasM,0.6767741935483871,0.4631379962192817,0.6051380715255772,0.48529411764705876
TabPFN_DebiasM,0.69,0.5860113421550095,0.5590765052059755,0.3979500891265597
ElasticNet_ComBat,0.7309677419354839,0.7069943289224953,0.7949298325033952,0.5753119429590019
RandomForest_ComBat,0.7283870967741936,0.6332703213610585,0.6358080579447714,0.5565953654188949
TabPFN_ComBat,0.6767741935483871,0.5274102079395084,0.620076957899502,0.5993761140819964
ElasticNet_MMUPHin,0.8058064516129032,0.6559546313799621,0.6844726120416478,0.5338680926916222
RandomForest_MMUPHin,0.6938709677419356,0.7315689981096408,0.5938207333635128,0.5236185383244206
TabPFN_MMUPHin,0.7061290322580644,0.6238185255198487,0.6118153010411952,0.5294117647058824
