model,1,2,3,4
ElasticNet_DebiasM,0.617741935483871,0.7996219281663516,0.5778632865550023,0.6096256684491979
RandomForest_DebiasM,0.5933870967741937,0.6786389413988657,0.5890108646446355,0.4026292335115864
TabPFN_DebiasM,0.4938709677419355,0.8903591682419659,0.5822770484382074,0.5084670231729056
ElasticNet_ComBat,0.7964516129032257,0.6068052930056711,0.6103440470801268,0.6060606060606061
RandomForest_ComBat,0.7509677419354838,0.6427221172022684,0.5919533725667722,0.5436720142602496
TabPFN_ComBat,0.7312903225806452,0.7258979206049149,0.5942734268899954,0.37210338680926913
ElasticNet_MMUPHin,,,,
RandomForest_MMUPHin,,,,
TabPFN_MMUPHin,,,,
